{
  "name": "Art and Games Theme",
  "sort": 600000,
  "flags": {
    "exportSource": {
      "world": "olakino",
      "system": "dnd5e",
      "coreVersion": "0.6.1",
      "systemVersion": 0.92
    }
  },
  "results": [
    {
      "_id": "0v2LDA973AL21xc4",
      "flags": {},
      "type": 2,
      "text": "Calligrapher's Supplies",
      "img": "systems/dnd5e/icons/items/inventory/note-letter.jpg",
      "collection": "dnd5e.items",
      "resultId": "jhjo20QoiD5exf09",
      "weight": 1,
      "range": [
        1,
        1
      ],
      "drawn": false
    },
    {
      "_id": "XdeypdntqpNzHUBc",
      "flags": {},
      "type": 2,
      "text": "Glassblower's Tools",
      "img": "systems/dnd5e/icons/items/inventory/backpack.jpg",
      "collection": "dnd5e.items",
      "resultId": "rTbVrNcwApnuTz5E",
      "weight": 1,
      "range": [
        2,
        2
      ],
      "drawn": false
    },
    {
      "_id": "43XbtloypgIaoGig",
      "flags": {},
      "type": 2,
      "text": "Painter's Supplies",
      "img": "systems/dnd5e/icons/items/inventory/backpack.jpg",
      "collection": "dnd5e.items",
      "resultId": "ccm5xlWhx74d6lsK",
      "weight": 1,
      "range": [
        3,
        3
      ],
      "drawn": false
    },
    {
      "_id": "jdnQMtFclUErGvDA",
      "flags": {},
      "type": 2,
      "text": "Potter's Tools",
      "img": "systems/dnd5e/icons/items/inventory/backpack.jpg",
      "collection": "dnd5e.items",
      "resultId": "hJS8yEVkqgJjwfWa",
      "weight": 1,
      "range": [
        4,
        4
      ],
      "drawn": false
    },
    {
      "_id": "4Z50FYz9SLqBr4cz",
      "flags": {},
      "type": 2,
      "text": "Weaver's Tools",
      "img": "systems/dnd5e/icons/items/equipment/cloak-pink.jpg",
      "collection": "dnd5e.items",
      "resultId": "ap9prThUB2y9lDyj",
      "weight": 1,
      "range": [
        5,
        5
      ],
      "drawn": false
    },
    {
      "_id": "kx6ECvbJDyIpxTsD",
      "flags": {},
      "type": 2,
      "text": "Woodcarver's Tools",
      "img": "systems/dnd5e/icons/items/weapons/axe-wood.jpg",
      "collection": "dnd5e.items",
      "resultId": "xKErqkLo4ASYr5EP",
      "weight": 1,
      "range": [
        6,
        6
      ],
      "drawn": false
    },
    {
      "_id": "O1Fl7XK09U1H7eyS",
      "flags": {},
      "type": 2,
      "text": "Disguise Kit",
      "img": "systems/dnd5e/icons/items/equipment/cowl.jpg",
      "collection": "dnd5e.items",
      "resultId": "IBhDAr7WkhWPYLVn",
      "weight": 1,
      "range": [
        7,
        7
      ],
      "drawn": false
    },
    {
      "_id": "SEf87vkcWFkc3WdB",
      "flags": {},
      "type": 2,
      "text": "Gaming Set of Dice",
      "img": "systems/dnd5e/icons/items/inventory/dice.jpg",
      "collection": "dnd5e.items",
      "resultId": "iBuTM09KD9IoM5L8",
      "weight": 1,
      "range": [
        8,
        8
      ],
      "drawn": false
    },
    {
      "_id": "472RJFNxEMLtWPrR",
      "flags": {},
      "type": 2,
      "text": "Gaming Set of Dragonchess",
      "img": "systems/dnd5e/icons/items/inventory/trinket-carving.jpg",
      "collection": "dnd5e.items",
      "resultId": "23y8FvWKf9YLcnBL",
      "weight": 1,
      "range": [
        9,
        9
      ],
      "drawn": false
    },
    {
      "_id": "vXQAqkwgcRXVdXm9",
      "flags": {},
      "type": 2,
      "text": "Gaming Set of Playing Cards",
      "img": "systems/dnd5e/icons/items/inventory/bills.jpg",
      "collection": "dnd5e.items",
      "resultId": "YwlHI3BVJapz4a3E",
      "weight": 1,
      "range": [
        10,
        10
      ],
      "drawn": false
    },
    {
      "_id": "ZICQqgfN9Is7ezBJ",
      "flags": {},
      "type": 2,
      "text": "Gaming Set of Three-Dragon Ante",
      "img": "systems/dnd5e/icons/items/inventory/bills.jpg",
      "collection": "dnd5e.items",
      "resultId": "LuEZnUnuy1mwDlD1",
      "weight": 1,
      "range": [
        11,
        11
      ],
      "drawn": false
    },
    {
      "_id": "Z7UJLfb4eSmXuRe6",
      "flags": {},
      "type": 2,
      "text": "Musical Instrument: Bagpipes",
      "img": "systems/dnd5e/icons/items/inventory/flask.jpg",
      "collection": "dnd5e.items",
      "resultId": "yxHi57T5mmVt0oDr",
      "weight": 1,
      "range": [
        12,
        12
      ],
      "drawn": false
    },
    {
      "_id": "Pg7zZ0w3mVKwQpqo",
      "flags": {},
      "type": 2,
      "text": "Musical Instrument: Drum",
      "img": "systems/dnd5e/icons/items/inventory/drum.jpg",
      "collection": "dnd5e.items",
      "resultId": "69Dpr25pf4BjkHKb",
      "weight": 1,
      "range": [
        13,
        13
      ],
      "drawn": false
    },
    {
      "_id": "TKjZQdepsBl35fYQ",
      "flags": {},
      "type": 2,
      "text": "Musical Instrument: Dulcimer",
      "img": "systems/dnd5e/icons/items/inventory/lute.jpg",
      "collection": "dnd5e.items",
      "resultId": "NtdDkjmpdIMiX7I2",
      "weight": 1,
      "range": [
        14,
        14
      ],
      "drawn": false
    },
    {
      "_id": "Yo0xseMVldiplBik",
      "flags": {},
      "type": 2,
      "text": "Musical Instrument: Flute",
      "img": "systems/dnd5e/icons/items/inventory/flute.jpg",
      "collection": "dnd5e.items",
      "resultId": "eJOrPcAz9EcquyRQ",
      "weight": 1,
      "range": [
        15,
        15
      ],
      "drawn": false
    },
    {
      "_id": "ksFgWfzvVvtMq82E",
      "flags": {},
      "type": 2,
      "text": "Musical Instrument: Lute",
      "img": "systems/dnd5e/icons/items/inventory/lute.jpg",
      "collection": "dnd5e.items",
      "resultId": "qBydtUUIkv520DT7",
      "weight": 1,
      "range": [
        16,
        16
      ],
      "drawn": false
    },
    {
      "_id": "5LcNu9pnw18F5vjg",
      "flags": {},
      "type": 2,
      "text": "Musical Instrument: Lyre",
      "img": "systems/dnd5e/icons/items/inventory/lute.jpg",
      "collection": "dnd5e.items",
      "resultId": "EwG1EtmbgR3bM68U",
      "weight": 1,
      "range": [
        17,
        17
      ],
      "drawn": false
    },
    {
      "_id": "l0e2z0Z60rCYiVki",
      "flags": {},
      "type": 2,
      "text": "Musical Instrument: Horn",
      "img": "systems/dnd5e/icons/items/inventory/horn.jpg",
      "collection": "dnd5e.items",
      "resultId": "aa9KuBy4dst7WIW9",
      "weight": 1,
      "range": [
        18,
        18
      ],
      "drawn": false
    },
    {
      "_id": "B63NVTxUkjGuNEhk",
      "flags": {},
      "type": 2,
      "text": "Musical Instrument: Pan Flute",
      "img": "systems/dnd5e/icons/items/inventory/flute.jpg",
      "collection": "dnd5e.items",
      "resultId": "G5m5gYIx9VAUWC3J",
      "weight": 1,
      "range": [
        19,
        19
      ],
      "drawn": false
    },
    {
      "_id": "hudDuTNErNXsQnYX",
      "flags": {},
      "type": 2,
      "text": "Musical Instrument: Shawm",
      "img": "systems/dnd5e/icons/items/inventory/lute.jpg",
      "collection": "dnd5e.items",
      "resultId": "G3cqbejJpfB91VhP",
      "weight": 1,
      "range": [
        20,
        20
      ],
      "drawn": false
    },
    {
      "_id": "5PX4dxQDKaRPRsiq",
      "flags": {},
      "type": 2,
      "text": "Musical Instrument: Viol",
      "img": "systems/dnd5e/icons/items/inventory/lute.jpg",
      "collection": "dnd5e.items",
      "resultId": "baoe3U5BfMMMxhCU",
      "weight": 1,
      "range": [
        21,
        21
      ],
      "drawn": false
    }
  ],
  "replacement": true,
  "displayRoll": false,
  "_id": "a6Z0BiYHDv5YBNph",
  "description": "General Store or Adventuring Supplies applicable",
  "formula": "1d21"
}