{
  "name": "Leatherworker",
  "sort": 300000,
  "flags": {
    "exportSource": {
      "world": "olakino",
      "system": "dnd5e",
      "coreVersion": "0.6.1",
      "systemVersion": 0.92
    }
  },
  "results": [
    {
      "_id": "2aaqZKG4szlcpa1B",
      "flags": {},
      "type": 2,
      "text": "Leather Armor",
      "img": "systems/dnd5e/icons/items/armor/leather.png",
      "collection": "dnd5e.items",
      "resultId": "WwdpHLXGX5r8uZu5",
      "weight": 1,
      "range": [
        1,
        1
      ],
      "drawn": false
    },
    {
      "_id": "mJNSRX3PvVdabxFy",
      "flags": {},
      "type": 2,
      "text": "Studded Leather Armor",
      "img": "systems/dnd5e/icons/items/armor/studded.png",
      "collection": "dnd5e.items",
      "resultId": "TIV3B1vbrVHIhQAm",
      "weight": 1,
      "range": [
        2,
        2
      ],
      "drawn": false
    },
    {
      "_id": "OvYbBWPO14G4GRGI",
      "flags": {},
      "type": 2,
      "text": "Hide Armor",
      "img": "systems/dnd5e/icons/items/armor/hide.png",
      "collection": "dnd5e.items",
      "resultId": "n1V07puo0RQxPGuF",
      "weight": 1,
      "range": [
        3,
        3
      ],
      "drawn": false
    },
    {
      "_id": "pCUqqU13lpRNOqOD",
      "flags": {},
      "type": 2,
      "text": "Shield",
      "img": "systems/dnd5e/icons/items/armor/shield.png",
      "collection": "dnd5e.items",
      "resultId": "sSs3hSzkKBMNBgTs",
      "weight": 1,
      "range": [
        4,
        4
      ],
      "drawn": false
    },
    {
      "_id": "HlxqrDvCcZYW7oAT",
      "flags": {},
      "type": 2,
      "text": "Sling",
      "img": "systems/dnd5e/icons/items/weapons/sling.jpg",
      "collection": "dnd5e.items",
      "resultId": "3gynWO9sN4OLGMWD",
      "weight": 1,
      "range": [
        5,
        5
      ],
      "drawn": false
    },
    {
      "_id": "rVHPIqz42R36xGMt",
      "flags": {},
      "type": 2,
      "text": "Waterskin",
      "img": "systems/dnd5e/icons/items/inventory/waterskin.jpg",
      "collection": "dnd5e.items",
      "resultId": "Uv0ilmzbWvqmlCVH",
      "weight": 1,
      "range": [
        6,
        6
      ],
      "drawn": false
    },
    {
      "_id": "bg0yX4JshNtoDTWJ",
      "flags": {},
      "type": 2,
      "text": "Cobbler's Tools",
      "img": "systems/dnd5e/icons/items/equipment/boots-leather.jpg",
      "collection": "dnd5e.items",
      "resultId": "hM84pZnpCqKfi8XH",
      "weight": 1,
      "range": [
        7,
        7
      ],
      "drawn": false
    },
    {
      "_id": "qA4oFpspJp60svo3",
      "flags": {},
      "type": 2,
      "text": "Leatherworker's Tools",
      "img": "systems/dnd5e/icons/items/equipment/gloves.jpg",
      "collection": "dnd5e.items",
      "resultId": "PUMfwyVUbtyxgYbD",
      "weight": 1,
      "range": [
        8,
        8
      ],
      "drawn": false
    },
    {
      "_id": "Sxq9b0Vs0lyiZ1XE",
      "flags": {},
      "type": 2,
      "text": "Musical Instrument: Bagpipes",
      "img": "systems/dnd5e/icons/items/inventory/flask.jpg",
      "collection": "dnd5e.items",
      "resultId": "yxHi57T5mmVt0oDr",
      "weight": 1,
      "range": [
        9,
        9
      ],
      "drawn": false
    },
    {
      "_id": "heiX5yyH2IWowhik",
      "flags": {},
      "type": 2,
      "text": "Musical Instrument: Drum",
      "img": "systems/dnd5e/icons/items/inventory/drum.jpg",
      "collection": "dnd5e.items",
      "resultId": "69Dpr25pf4BjkHKb",
      "weight": 1,
      "range": [
        10,
        10
      ],
      "drawn": false
    }
  ],
  "replacement": false,
  "displayRoll": false,
  "_id": "CISSe8cAXUoFXICh",
  "description": "Things made with leather",
  "formula": ""
}