{
  "name": "Tailor/Textiles",
  "sort": 700000,
  "flags": {
    "exportSource": {
      "world": "olakino",
      "system": "dnd5e",
      "coreVersion": "0.6.1",
      "systemVersion": 0.92
    }
  },
  "results": [
    {
      "_id": "J7gMRKIKhS8aKntv",
      "flags": {},
      "type": 2,
      "text": "Basket",
      "img": "systems/dnd5e/icons/items/inventory/cage.jpg",
      "collection": "dnd5e.items",
      "resultId": "Wv7HzD6dv1P0q78N",
      "weight": 1,
      "range": [
        1,
        1
      ],
      "drawn": false
    },
    {
      "_id": "uqgGmF8NMLdRXDl3",
      "flags": {},
      "type": 2,
      "text": "Common Clothes",
      "img": "systems/dnd5e/icons/items/equipment/tunic.jpg",
      "collection": "dnd5e.items",
      "resultId": "8RXjiddJ6VGyE7vB",
      "weight": 1,
      "range": [
        5,
        5
      ],
      "drawn": false
    },
    {
      "_id": "zFsVxIiE0YuTGRRO",
      "flags": {},
      "type": 2,
      "text": "Costume Clothes",
      "img": "systems/dnd5e/icons/items/equipment/cloak-pink.jpg",
      "collection": "dnd5e.items",
      "resultId": "E2h6sEe6FU2tnU96",
      "weight": 1,
      "range": [
        6,
        6
      ],
      "drawn": false
    },
    {
      "_id": "01Qu1oLY7P0Jdmq5",
      "flags": {},
      "type": 2,
      "text": "Fine Clothes",
      "img": "systems/dnd5e/icons/items/equipment/cloak-fur.jpg",
      "collection": "dnd5e.items",
      "resultId": "3OXueEpvDDCVfGFA",
      "weight": 1,
      "range": [
        7,
        7
      ],
      "drawn": false
    },
    {
      "_id": "UQHuNDbylOL7DTYf",
      "flags": {},
      "type": 2,
      "text": "Traveler's Clothes",
      "img": "systems/dnd5e/icons/items/equipment/tunic.jpg",
      "collection": "dnd5e.items",
      "resultId": "SsAmWV6YBqeOFihT",
      "weight": 1,
      "range": [
        8,
        8
      ],
      "drawn": false
    },
    {
      "_id": "PrLNKciD1BNE7bx2",
      "flags": {},
      "type": 2,
      "text": "Component Pouch",
      "img": "systems/dnd5e/icons/items/inventory/satchel-leather.jpg",
      "collection": "dnd5e.items",
      "resultId": "eZGmdOhaTWMicXPW",
      "weight": 1,
      "range": [
        9,
        9
      ],
      "drawn": false
    },
    {
      "_id": "kEalq1kxBiqKapX6",
      "flags": {},
      "type": 2,
      "text": "Pouch",
      "img": "systems/dnd5e/icons/items/inventory/pouch.jpg",
      "collection": "dnd5e.items",
      "resultId": "9bWTRRDym06PzSAf",
      "weight": 1,
      "range": [
        10,
        10
      ],
      "drawn": false
    },
    {
      "_id": "FVoYcgwSnLkGLAfY",
      "flags": {},
      "type": 2,
      "text": "Robes",
      "img": "systems/dnd5e/icons/items/armor/robe.jpg",
      "collection": "dnd5e.items",
      "resultId": "8GCEodUsTEEpBlO6",
      "weight": 1,
      "range": [
        11,
        11
      ],
      "drawn": false
    },
    {
      "_id": "iWGJeogQRW4T9bCd",
      "flags": {},
      "type": 2,
      "text": "Sack",
      "img": "systems/dnd5e/icons/items/inventory/sack.jpg",
      "collection": "dnd5e.items",
      "resultId": "CNdDj8dsXVpRVpXt",
      "weight": 1,
      "range": [
        12,
        12
      ],
      "drawn": false
    },
    {
      "_id": "UUqcA06YaDvC3S9I",
      "flags": {},
      "type": 2,
      "text": "Two-Person Tent",
      "img": "systems/dnd5e/icons/items/inventory/cloth-green.jpg",
      "collection": "dnd5e.items",
      "resultId": "PanSr5EbqlfpSvwK",
      "weight": 1,
      "range": [
        13,
        13
      ],
      "drawn": false
    },
    {
      "_id": "ntlIyDpGWFgm6p7y",
      "flags": {},
      "type": 2,
      "text": "Weaver's Tools",
      "img": "systems/dnd5e/icons/items/equipment/cloak-pink.jpg",
      "collection": "dnd5e.items",
      "resultId": "ap9prThUB2y9lDyj",
      "weight": 1,
      "range": [
        14,
        14
      ],
      "drawn": false
    }
  ],
  "replacement": false,
  "displayRoll": false,
  "_id": "0TXGxtvJLIDT1PUE",
  "description": "Clothes, cloth, stuff like that",
  "formula": "1d14"
}