{
  "name": "Potion Shop",
  "sort": 500000,
  "flags": {
    "exportSource": {
      "world": "olakino",
      "system": "dnd5e",
      "coreVersion": "0.6.1",
      "systemVersion": 0.92
    }
  },
  "results": [
    {
      "_id": "IGeVowyteFjpQFuR",
      "flags": {},
      "type": 2,
      "text": "Acid (vial)",
      "img": "systems/dnd5e/icons/items/potions/grand-green.jpg",
      "collection": "dnd5e.items",
      "resultId": "Sx5E6utixHdAbGNb",
      "weight": 1,
      "range": [
        1,
        1
      ],
      "drawn": false
    },
    {
      "_id": "5mmhJqxkxDHQ8rMx",
      "flags": {},
      "type": 2,
      "text": "Alchemist's Fire",
      "img": "systems/dnd5e/icons/items/potions/grand-yellow.jpg",
      "collection": "dnd5e.items",
      "resultId": "FvNOwWbh5FXyX4xe",
      "weight": 1,
      "range": [
        2,
        2
      ],
      "drawn": false
    },
    {
      "_id": "KImmEMDUohQO9YJD",
      "flags": {},
      "type": 2,
      "text": "Antitoxin",
      "img": "systems/dnd5e/icons/items/potions/grand-violet.jpg",
      "collection": "dnd5e.items",
      "resultId": "Fc6UfFNOnW80XMzi",
      "weight": 1,
      "range": [
        3,
        3
      ],
      "drawn": false
    },
    {
      "_id": "i7VpQZYrEnLbeBag",
      "flags": {},
      "type": 2,
      "text": "Component Pouch",
      "img": "systems/dnd5e/icons/items/inventory/satchel-leather.jpg",
      "collection": "dnd5e.items",
      "resultId": "eZGmdOhaTWMicXPW",
      "weight": 1,
      "range": [
        4,
        4
      ],
      "drawn": false
    },
    {
      "_id": "KJSo4S05vTPHoSkl",
      "flags": {},
      "type": 2,
      "text": "Oil Flask",
      "img": "systems/dnd5e/icons/items/inventory/bottle-empty.jpg",
      "collection": "dnd5e.items",
      "resultId": "psoZaItkOScMVaHL",
      "weight": 1,
      "range": [
        5,
        5
      ],
      "drawn": false
    },
    {
      "_id": "hzeFw39fSupSNhhb",
      "flags": {},
      "type": 2,
      "text": "Perfume",
      "img": "systems/dnd5e/icons/items/potions/unique-2.jpg",
      "collection": "dnd5e.items",
      "resultId": "uuh4UH3Jx5CsFjdA",
      "weight": 1,
      "range": [
        6,
        6
      ],
      "drawn": false
    },
    {
      "_id": "VgcOYdj29v1vsds2",
      "flags": {},
      "type": 2,
      "text": "Basic Poison",
      "img": "systems/dnd5e/icons/items/potions/unique-7.jpg",
      "collection": "dnd5e.items",
      "resultId": "eVbPkYjpl29RE2uW",
      "weight": 1,
      "range": [
        7,
        7
      ],
      "drawn": false
    },
    {
      "_id": "SYPrNBJ514oOlase",
      "flags": {},
      "type": 2,
      "text": "Alchemist's supplies",
      "img": "systems/dnd5e/icons/items/inventory/herbalism-kit.jpg",
      "collection": "dnd5e.items",
      "resultId": "SztwZhbhZeCqyAes",
      "weight": 1,
      "range": [
        8,
        8
      ],
      "drawn": false
    },
    {
      "_id": "gb4L0LHiGoNuOEOR",
      "flags": {},
      "type": 2,
      "text": "Brewer's Supplies",
      "img": "systems/dnd5e/icons/items/inventory/herb.jpg",
      "collection": "dnd5e.items",
      "resultId": "Y9S75go1hLMXUD48",
      "weight": 1,
      "range": [
        9,
        9
      ],
      "drawn": false
    },
    {
      "_id": "7SPSZsAVOP3pJDu8",
      "flags": {},
      "type": 2,
      "text": "Cook's Utensils",
      "img": "systems/dnd5e/icons/items/inventory/meat.jpg",
      "collection": "dnd5e.items",
      "resultId": "Gflnp29aEv5Lc1ZM",
      "weight": 1,
      "range": [
        10,
        10
      ],
      "drawn": false
    },
    {
      "_id": "jIGBkNI4Vb0PAnAE",
      "flags": {},
      "type": 2,
      "text": "Poisoner’s Kit",
      "img": "systems/dnd5e/icons/items/inventory/herb-satchel.jpg",
      "collection": "dnd5e.items",
      "resultId": "il2GNi8C0DvGLL9P",
      "weight": 1,
      "range": [
        11,
        11
      ],
      "drawn": false
    },
    {
      "_id": "IYEuoWU9NVOSWcnA",
      "flags": {},
      "type": 2,
      "text": "Potion of Acid Resistance",
      "img": "systems/dnd5e/icons/items/potions/major-green.jpg",
      "collection": "dnd5e.items",
      "resultId": "zgZkJAyFAfYmyn11",
      "weight": 1,
      "range": [
        12,
        12
      ],
      "drawn": false
    },
    {
      "_id": "Tg4BQlWnUCoSzHyi",
      "flags": {},
      "type": 2,
      "text": "Potion of Animal Friendship",
      "img": "systems/dnd5e/icons/items/potions/unique-4.jpg",
      "collection": "dnd5e.items",
      "resultId": "nXWevqtV6p484N59",
      "weight": 1,
      "range": [
        13,
        13
      ],
      "drawn": false
    },
    {
      "_id": "Gq6VpuLOZTk22Z5q",
      "flags": {},
      "type": 2,
      "text": "Potion of Clairvoyance",
      "img": "systems/dnd5e/icons/items/potions/unique-2.jpg",
      "collection": "dnd5e.items",
      "resultId": "bAyr7j5Peq9wIJTa",
      "weight": 1,
      "range": [
        14,
        14
      ],
      "drawn": false
    },
    {
      "_id": "rduQ1o5W5BdpuDJa",
      "flags": {},
      "type": 2,
      "text": "Potion of Climbing",
      "img": "systems/dnd5e/icons/items/potions/unique-8.jpg",
      "collection": "dnd5e.items",
      "resultId": "aMnWi1WXWpxRHq4r",
      "weight": 1,
      "range": [
        15,
        15
      ],
      "drawn": false
    },
    {
      "_id": "Dbfn6O6hlv0XSccK",
      "flags": {},
      "type": 2,
      "text": "Potion of Cloud Giant Strength",
      "img": "systems/dnd5e/icons/items/potions/grand-blue.jpg",
      "collection": "dnd5e.items",
      "resultId": "lAcTZgNtpmks2Mo5",
      "weight": 1,
      "range": [
        16,
        16
      ],
      "drawn": false
    },
    {
      "_id": "M1O1QhfxrhABUcnt",
      "flags": {},
      "type": 2,
      "text": "Potion of Cold Resistance",
      "img": "systems/dnd5e/icons/items/potions/major-blue.jpg",
      "collection": "dnd5e.items",
      "resultId": "34YKlIJVVWLeBv7R",
      "weight": 1,
      "range": [
        17,
        17
      ],
      "drawn": false
    },
    {
      "_id": "lP5JjzlQJMKetg4n",
      "flags": {},
      "type": 2,
      "text": "Potion of Diminution",
      "img": "systems/dnd5e/icons/items/potions/unique-9.jpg",
      "collection": "dnd5e.items",
      "resultId": "HY8duCwmvlXOruTG",
      "weight": 1,
      "range": [
        18,
        18
      ],
      "drawn": false
    },
    {
      "_id": "Y8AA3oLnVQMCw7tY",
      "flags": {},
      "type": 2,
      "text": "Potion of Fire Giant Strength",
      "img": "systems/dnd5e/icons/items/potions/grand-yellow.jpg",
      "collection": "dnd5e.items",
      "resultId": "bEZOY6uvHRweMM56",
      "weight": 1,
      "range": [
        19,
        19
      ],
      "drawn": false
    },
    {
      "_id": "EUmc9bDWfzSMuZB9",
      "flags": {},
      "type": 2,
      "text": "Potion of Fire Resistance",
      "img": "systems/dnd5e/icons/items/potions/major-red.jpg",
      "collection": "dnd5e.items",
      "resultId": "Jj4iFQQGvckx8Wsj",
      "weight": 1,
      "range": [
        20,
        20
      ],
      "drawn": false
    },
    {
      "_id": "CItDiA7up2Dqs6cz",
      "flags": {},
      "type": 2,
      "text": "Potion of Flying",
      "img": "systems/dnd5e/icons/items/potions/unique-10.jpg",
      "collection": "dnd5e.items",
      "resultId": "eTNc8XPtvZNe3yQs",
      "weight": 1,
      "range": [
        21,
        21
      ],
      "drawn": false
    },
    {
      "_id": "wQnWCBL21rZ62sg1",
      "flags": {},
      "type": 2,
      "text": "Potion of Force Resistance",
      "img": "systems/dnd5e/icons/items/potions/major-blue.jpg",
      "collection": "dnd5e.items",
      "resultId": "kKGJjVVlJVoakWgQ",
      "weight": 1,
      "range": [
        22,
        22
      ],
      "drawn": false
    },
    {
      "_id": "h1XsIpgkXZ570aNe",
      "flags": {},
      "type": 2,
      "text": "Potion of Frost Giant Strength",
      "img": "systems/dnd5e/icons/items/potions/grand-blue.jpg",
      "collection": "dnd5e.items",
      "resultId": "TevMHicE3A70AlmP",
      "weight": 1,
      "range": [
        23,
        23
      ],
      "drawn": false
    },
    {
      "_id": "QIP9nia40He2ovpI",
      "flags": {},
      "type": 2,
      "text": "Potion of Gaseous Form",
      "img": "systems/dnd5e/icons/items/potions/unique-7.jpg",
      "collection": "dnd5e.items",
      "resultId": "bqZ6NTLDCUB98YjV",
      "weight": 1,
      "range": [
        24,
        24
      ],
      "drawn": false
    },
    {
      "_id": "t1J6axHc8nzy0Q0K",
      "flags": {},
      "type": 2,
      "text": "Potion of Greater Healing",
      "img": "systems/dnd5e/icons/items/potions/major-red.jpg",
      "collection": "dnd5e.items",
      "resultId": "L887NdWEP5NqHCrQ",
      "weight": 1,
      "range": [
        25,
        25
      ],
      "drawn": false
    },
    {
      "_id": "Wsyuz2CX7OsImUFg",
      "flags": {},
      "type": 2,
      "text": "Potion of Growth",
      "img": "systems/dnd5e/icons/items/potions/unique-9.jpg",
      "collection": "dnd5e.items",
      "resultId": "gTRFQLdVD1gsKtPi",
      "weight": 1,
      "range": [
        26,
        26
      ],
      "drawn": false
    },
    {
      "_id": "7PU0J1m4fqjuZVJ9",
      "flags": {},
      "type": 2,
      "text": "Potion of Healing",
      "img": "systems/dnd5e/icons/items/potions/minor-red.jpg",
      "collection": "dnd5e.items",
      "resultId": "ytlsBjYsZ7OBSEBs",
      "weight": 10,
      "range": [
        27,
        36
      ],
      "drawn": false
    },
    {
      "_id": "2kpWFZU9QLd99Arm",
      "flags": {},
      "type": 2,
      "text": "Potion of Heroism",
      "img": "systems/dnd5e/icons/items/potions/unique-6.jpg",
      "collection": "dnd5e.items",
      "resultId": "wNKYbKYwOHbA7SH8",
      "weight": 1,
      "range": [
        37,
        37
      ],
      "drawn": false
    },
    {
      "_id": "ZVFJ7vsPNV39PVT4",
      "flags": {},
      "type": 2,
      "text": "Potion of Hill Giant Strength",
      "img": "systems/dnd5e/icons/items/potions/major-green.jpg",
      "collection": "dnd5e.items",
      "resultId": "mhFBTY0egW8AeCHe",
      "weight": 1,
      "range": [
        38,
        38
      ],
      "drawn": false
    },
    {
      "_id": "zHNXhFYPzm4YUAdz",
      "flags": {},
      "type": 2,
      "text": "Potion of Invisibility",
      "img": "systems/dnd5e/icons/items/potions/major-empty.jpg",
      "collection": "dnd5e.items",
      "resultId": "rTn4p9nJr4Aq2GPB",
      "weight": 1,
      "range": [
        39,
        39
      ],
      "drawn": false
    },
    {
      "_id": "CbIgrxunmxvSJisQ",
      "flags": {},
      "type": 2,
      "text": "Potion of Lightning Resistance",
      "img": "systems/dnd5e/icons/items/potions/grand-yellow.jpg",
      "collection": "dnd5e.items",
      "resultId": "8MPnSrvEeZhPhtTi",
      "weight": 1,
      "range": [
        40,
        40
      ],
      "drawn": false
    },
    {
      "_id": "63AMXgeP1goikLBO",
      "flags": {},
      "type": 2,
      "text": "Potion of Mind Reading",
      "img": "systems/dnd5e/icons/items/potions/unique-2.jpg",
      "collection": "dnd5e.items",
      "resultId": "Ct9LR9Ft1FG4a6Y1",
      "weight": 1,
      "range": [
        41,
        41
      ],
      "drawn": false
    },
    {
      "_id": "faBtovTf1xf7p36W",
      "flags": {},
      "type": 2,
      "text": "Potion of Necrotic Resistance",
      "img": "systems/dnd5e/icons/items/potions/grand-violet.jpg",
      "collection": "dnd5e.items",
      "resultId": "xw99pcqPBVwtMOLw",
      "weight": 1,
      "range": [
        42,
        42
      ],
      "drawn": false
    },
    {
      "_id": "pgKAfrB6jFpoEisQ",
      "flags": {},
      "type": 2,
      "text": "Potion of Poison",
      "img": "systems/dnd5e/icons/items/potions/unique-7.jpg",
      "collection": "dnd5e.items",
      "resultId": "qBSEGJyHxdKIlBfj",
      "weight": 1,
      "range": [
        43,
        43
      ],
      "drawn": false
    },
    {
      "_id": "nXQuYFRydyU8KKWF",
      "flags": {},
      "type": 2,
      "text": "Potion of Poison Resistance",
      "img": "systems/dnd5e/icons/items/potions/major-green.jpg",
      "collection": "dnd5e.items",
      "resultId": "f5chGcpQCi1HYPQw",
      "weight": 1,
      "range": [
        44,
        44
      ],
      "drawn": false
    },
    {
      "_id": "NllB0qM0Gon4sLiN",
      "flags": {},
      "type": 2,
      "text": "Potion of Psychic Resistance",
      "img": "systems/dnd5e/icons/items/potions/grand-violet.jpg",
      "collection": "dnd5e.items",
      "resultId": "c0luemOP0iW8L23R",
      "weight": 1,
      "range": [
        45,
        45
      ],
      "drawn": false
    },
    {
      "_id": "jc7Icoz3FbSTFu2X",
      "flags": {},
      "type": 2,
      "text": "Potion of Speed",
      "img": "systems/dnd5e/icons/items/potions/unique-6.jpg",
      "collection": "dnd5e.items",
      "resultId": "ctKfjHjk9gs9UtZI",
      "weight": 1,
      "range": [
        46,
        46
      ],
      "drawn": false
    },
    {
      "_id": "u7GjGYtFDU8miBmI",
      "flags": {},
      "type": 2,
      "text": "Potion of Stone Giant Strength",
      "img": "systems/dnd5e/icons/items/potions/major-green.jpg",
      "collection": "dnd5e.items",
      "resultId": "4ZiJsDTRA1GgcWKP",
      "weight": 1,
      "range": [
        47,
        47
      ],
      "drawn": false
    },
    {
      "_id": "9pCf5qAmLCsNlK7K",
      "flags": {},
      "type": 2,
      "text": "Potion of Storm Giant Strength",
      "img": "systems/dnd5e/icons/items/potions/major-blue.jpg",
      "collection": "dnd5e.items",
      "resultId": "1KMSpOSU0EliUBm2",
      "weight": 1,
      "range": [
        48,
        48
      ],
      "drawn": false
    },
    {
      "_id": "vb7gi17FbKihOsV4",
      "flags": {},
      "type": 2,
      "text": "Potion of Superior Healing",
      "img": "systems/dnd5e/icons/items/potions/grand-red.jpg",
      "collection": "dnd5e.items",
      "resultId": "5m9ErO9In8Uc5yyf",
      "weight": 1,
      "range": [
        49,
        49
      ],
      "drawn": false
    },
    {
      "_id": "CLc0hO3EiuhFW8gf",
      "flags": {},
      "type": 2,
      "text": "Potion of Supreme Healing",
      "img": "systems/dnd5e/icons/items/potions/grand-red.jpg",
      "collection": "dnd5e.items",
      "resultId": "JFiSlgcm3uSSBM5t",
      "weight": 1,
      "range": [
        50,
        50
      ],
      "drawn": false
    },
    {
      "_id": "gw9gslSYQ0yQNzLA",
      "flags": {},
      "type": 2,
      "text": "Potion of Thunder Resistance",
      "img": "systems/dnd5e/icons/items/potions/grand-yellow.jpg",
      "collection": "dnd5e.items",
      "resultId": "zBX8LLC2CjC89Dzl",
      "weight": 1,
      "range": [
        51,
        51
      ],
      "drawn": false
    },
    {
      "_id": "u0YanXUugVD4Jg5M",
      "flags": {},
      "type": 2,
      "text": "Potion of Water Breathing",
      "img": "systems/dnd5e/icons/items/potions/unique-4.jpg",
      "collection": "dnd5e.items",
      "resultId": "CAZMwFBWp9VC0ZCg",
      "weight": 1,
      "range": [
        52,
        52
      ],
      "drawn": false
    }
  ],
  "replacement": false,
  "displayRoll": false,
  "_id": "kxkMv0LiOTUJQ7Oi",
  "description": "Contains various potions",
  "formula": "1d52"
}