{
  "name": "Fletcher/Bowyer",
  "sort": 200000,
  "flags": {
    "exportSource": {
      "world": "olakino",
      "system": "dnd5e",
      "coreVersion": "0.6.1",
      "systemVersion": 0.92
    }
  },
  "results": [
    {
      "_id": "KNZYUD9KhVe401xs",
      "flags": {},
      "type": 2,
      "text": "Light Crossbow",
      "img": "systems/dnd5e/icons/items/weapons/crossbow-light.jpg",
      "collection": "dnd5e.items",
      "resultId": "ddWvQRLmnnIS0eLF",
      "weight": 1,
      "range": [
        1,
        1
      ],
      "drawn": false
    },
    {
      "_id": "cVqwu0KkuYjljQZi",
      "flags": {},
      "type": 2,
      "text": "Shortbow",
      "img": "systems/dnd5e/icons/items/weapons/bow-short.jpg",
      "collection": "dnd5e.items",
      "resultId": "GJv6WkD7D2J6rP6M",
      "weight": 1,
      "range": [
        2,
        2
      ],
      "drawn": false
    },
    {
      "_id": "xSUc466P2Fx2Ypek",
      "flags": {},
      "type": 2,
      "text": "Hand Crossbow",
      "img": "systems/dnd5e/icons/items/weapons/crossbow-light.jpg",
      "collection": "dnd5e.items",
      "resultId": "qaSro7kFhxD6INbZ",
      "weight": 1,
      "range": [
        3,
        3
      ],
      "drawn": false
    },
    {
      "_id": "qvx2MmdRntq0ByXl",
      "flags": {},
      "type": 2,
      "text": "Heavy Crossbow",
      "img": "systems/dnd5e/icons/items/weapons/crossbow-heavy.jpg",
      "collection": "dnd5e.items",
      "resultId": "RmP0mYRn2J7K26rX",
      "weight": 1,
      "range": [
        4,
        4
      ],
      "drawn": false
    },
    {
      "_id": "5kPbhqttbgFxEJ1C",
      "flags": {},
      "type": 2,
      "text": "Longbow",
      "img": "systems/dnd5e/icons/items/weapons/bow-long.jpg",
      "collection": "dnd5e.items",
      "resultId": "3cymOVja8jXbzrdT",
      "weight": 1,
      "range": [
        5,
        5
      ],
      "drawn": false
    },
    {
      "_id": "mXDTc1pHTGylXwXo",
      "flags": {},
      "type": 2,
      "text": "Arrows",
      "img": "systems/dnd5e/icons/items/weapons/arrows.jpg",
      "collection": "dnd5e.items",
      "resultId": "3c7JXOzsv55gqJS5",
      "weight": 1,
      "range": [
        6,
        6
      ],
      "drawn": false
    },
    {
      "_id": "BKJshLhjBu7Zd7zg",
      "flags": {},
      "type": 2,
      "text": "Crossbow Bolt",
      "img": "systems/dnd5e/icons/items/weapons/bolt.png",
      "collection": "dnd5e.items",
      "resultId": "SItCnYBqhzqBoaWG",
      "weight": 1,
      "range": [
        7,
        7
      ],
      "drawn": false
    },
    {
      "_id": "h6SvpA4kSNqEJUVw",
      "flags": {},
      "type": 2,
      "text": "Crossbow Bolt Case",
      "img": "systems/dnd5e/icons/items/weapons/arrows.jpg",
      "collection": "dnd5e.items",
      "resultId": "eJtPBiZtr2pp6ynt",
      "weight": 1,
      "range": [
        8,
        8
      ],
      "drawn": false
    },
    {
      "_id": "tt1foujr9BUHaTL0",
      "flags": {},
      "type": 2,
      "text": "Quiver",
      "img": "systems/dnd5e/icons/items/weapons/arrows.jpg",
      "collection": "dnd5e.items",
      "resultId": "4MtQKPn9qMWCFjDA",
      "weight": 1,
      "range": [
        9,
        9
      ],
      "drawn": false
    }
  ],
  "replacement": false,
  "displayRoll": false,
  "_id": "iEmqz3DasESqy56y",
  "description": "Ranged weapons and stuff",
  "formula": "1d9"
}